,,,Summer 2009,Fall 2009,Spring 2010,Summer 2010,Fall 2010,Spring 2011,Summer 2011,Fall 2011,Spring 2012,Summer 2012,Fall 2012,Spring 2013,Summer 2013,Fall 2013,Spring 2014,Summer 2014,Fall 2014,Spring 2015,Summer 2015,Fall 2015,Spring 2016,Summer 2016,Fall 2016,Winter 2017,Spring 2017,Summer 2017,Fall 2017,Winter 2018,Spring 2018,Summer 2018,Fall 2018,Spring 2019,Summer 2019,Fall 2019,Winter 2020,Spring 2020,Summer 2020,Fall 2020,Winter 2021,Spring 2021,Summer 2021,Fall 2021,Winter 2022,Spring 2022,Summer 2022,Fall 2022,Winter 2023,Spring 2023,Summer 2023,Fall 2023
CMPE,212,Prin Of Digital Design,,4,3,,4,3,,4,3,,4,3,,4,3,,7,4,3,4,3,,5,,8,,4,,7,,4,7,,4,,4,,3,,4,,4,,3,,2,,3,,2
CMPE,306,Intro Circuit Theory,,3,2,,2,3,,3,3,,3,4,,5,6,,5,7,,4,7,,5,,8,2,5,,8,2,6,10,2,4,,7,,4,,6,,6,,7,,9,,7,,8
CMPE,306T,Circuit Theory Lab,,1,,,1,1,,1,,,1,1,,,1,,1,,,,,,,,,,,,,,,,,,,,,,,,,,,,,1,,,,
CMPE,310,Systems Design & Prog,,3,3,,3,3,,3,3,,3,3,,3,6,,3,7,,3,4,,3,,4,,6,,4,,4,4,,3,,4,,3,,4,,3,,4,,3,,3,,3
CMPE,311,C Prog & Embedded Systems,,,,,,1,,1,2,,2,,,4,,,6,,,6,,,6,,,,6,,,,6,,,6,,,,6,,,,6,,3,,3,,,,3
CMPE,314,Prin Of Electronic Circ,,2,2,,2,2,,2,2,,2,2,,3,2,2,3,2,2,3,2,2,3,,3,2,3,,3,2,3,3,2,3,,3,,3,,3,,3,,3,,3,,2,,2
CMPE,314T,Electronics Circuits Lab,,,,,,,,,,,,,,1,,,2,,,,,,,,,,,,,,,,,,,,,,,,,,,,,,,,,
CMPE,315,Prin VLSI Design,,,3,,3,,,3,,,3,,,3,,,3,,,3,,,3,,3,,3,,3,,3,3,,3,,3,,3,,3,,3,,,,,,,,
CMPE,316,Program Logic Devices,,,,,,,,,,,,,,,,,,,,,,,,,,,,,,,,,,,,,,,,,,,,1,,1,,1,,1
CMPE,320,"Prob, Stat, & Random Pro",,,1,,,1,,,1,,,1,,,1,,,1,,,1,,,,1,,,,1,,,1,,,,1,,,,1,,,,1,,,,1,,
CMPE,321,Exp Techniques for ECE,,,,,1,,,1,,,1,,,1,,,1,,,,,,,,,,,,,,,,,,,,,,,,,,,,,,,,,
CMPE,323,Signal & Systems Theory,,2,,,2,,,2,,,2,,,2,,,3,,,3,,,3,,,,3,,,,3,,,3,,,,3,,,,3,,,,3,,,,3
CMPE,330,Em Waves Transmission,,,1,,,1,,,2,,,2,,,2,,,2,,,2,,,,2,,,,2,,,2,,,,2,,,,2,,,,2,,,,2,,
CMPE,349,Intro to Professional Practice,,,,,,,,,,,,,,,,,,1,,,1,,,,1,,,,2,,,2,,,,1,,,,1,,,,1,,,,1,,
CMPE,413,Principles VLSI Design,,,,,,,,,,,,,,,,,,,,,,,,,,,,,,,,,,,,,,,,,,,,3,,3,,3,,3
CMPE,414,Advanced VLSI Design,,,,,,,,,,,,,,,,,,,,,,,,,,,,,,,,,,,,,,,,,,,,,,,,1,,
CMPE,415,Program Logic Devices,,1,,,1,,,1,1,,,1,,,1,,,1,,,1,,,,1,,1,,1,,1,1,,1,,1,,1,,1,,1,,,,,,,,
CMPE,418,VLSI Design Verif/Test,,,,,,,,,,,,,,,,,,,,,,,,,1,,,,1,,,,,1,,,,,,,,1,,,,1,,,,1
CMPE,419,"Comp Arth Algo, & Impl",,1,,,,,,1,,,,,,,,,,1,,,1,,,,1,,,,1,,,,,1,,,,1,,,,1,,1,,1,,,,
CMPE,422,Digital Signal Process,,,1,,,1,,,1,,,1,,,1,,,1,,,1,,,,1,,,,1,,,1,,,,1,,,,1,,,,1,,,,1,,
CMPE,423,Communication Engng,,1,,,,,,,,,,1,,,,,,,,,,,,,,,,,1,,,,,,,,,,,,,,,,,,,,,1
CMPE,447,Analog IC Design,,,,,,,,1,,,1,,,,1,,,1,,,1,,,,,,,,1,,,,,,,,,,,,,,,,,,,,,
CMPE,450,Capstone I,,2,,,2,,,2,,,2,,,2,,,2,,,2,,,2,,,,2,,,,2,,,2,,,,2,,,,3,,,,2,,,,2
CMPE,451,Capstone II,,,2,,,2,,,2,,,2,,,2,,,2,,,2,,,,2,,,,2,,,2,,,,2,,,,2,,,,2,,,,2,,
CMPE,471,Exp Techniques for ECE,,,,,,,,,,,,,,,,,,,,2,,,2,,,,1,,,,2,,,2,,,,,,,,2,,,,,,,,2
CMPE,486,Mobile Radio Comm,,1,,,1,,,,,,,,,,,,,,,,,,,,,,,,,,,,,,,,,,,,,,,,,,,,,
CMPE,491,Spec Topic In Comp Engr,,1,2,,1,2,,,3,,,2,,2,2,,2,1,,1,2,,2,,2,,1,,2,,1,4,,1,,5,,1,,6,,1,,4,,,,3,,2
CMPE,499,Independent Study,,1,,,1,1,,,2,,,1,,1,,,,,,1,2,,,,,,1,,2,1,1,1,,,,1,,,,,,,,1,,,,1,,
CMPE,605,Applied Linear Algebra,,,,,,,,,,,,,,,,,,,,,,,,,,,1,,,,1,,,1,,,,1,,,,,,,,1,,,,
CMPE,611,Adv Computer Architectre,,,,,,,,,,,1,1,,,1,,1,,,1,,,,,,,,,,,,1,,,,,,,,1,,,,1,,1,,,,
CMPE,620,Introduction to Cybersecurity,,,,,,,,1,,,,,,,,,,,,,,,,,,,,,,,,,,,,,,,,,,,,,,,,,,
CMPE,640,Custom VLSI Design,,,3,,3,,,3,,,3,,,3,,,3,,,3,,,3,,,,3,,,,3,,,3,,,,3,,3,,3,,,,3,,,,3
CMPE,641,Topics In VLSI,,,,,,,,,,,,,,,,,,,,,1,,,,,,,,,,,,,1,,,,,,1,,1,,,,,,1,,
CMPE,645,Computer Arithmetic,,1,,,,,,1,,,,,,,,,,1,,,1,,,,1,,,,1,,,,,1,,,,1,,,,1,,1,,1,,,,1
CMPE,646,VLSI Design Verification,,1,,,,,,,,,,,,,,,,,,,,,,,1,,,,1,,,,,1,,,,,,,,1,,,,1,,,,1
CMPE,647,Analog IC Design,,,,,,,,,,,,,,,,,,,,,,,,,,,,,1,,,,,,,,,,,,,,,,,,,,,
CMPE,650,Digital Systems,,,2,,,2,,,,,,2,,,1,,,1,,,1,,,,1,,,,,,,,,,,,,,,,,,,,,,,,,
CMPE,670,Biomedical Microsystems,,,,,,,,,1,,,1,,,1,,,,,,,,1,,,,,,,,,,,,,,,,,,,,,,,,,,,
CMPE,684,Wireless Sensor Networks,,,,,,,,,1,,,,,1,,,,1,,,,,1,,,,,,,,1,,,,,1,,,,1,,,,,,1,,,,
CMPE,685,Principles of Communication Ne,,,,,,1,,,,,,1,,,,,1,,,1,,,,,,,,,,,,,,,,,,,,,,,,,,,,,,
CMPE,691,Spec Top In Cmpe,,,3,,1,2,,2,2,,1,1,,2,1,,2,1,,1,1,,2,,1,,1,,2,,3,3,,2,,4,,4,,3,,2,,3,,2,,2,,2
CMPE,698,Res Proj In Cmpe,1,1,1,,,,,1,,,1,1,,,4,2,2,1,,3,2,1,1,,1,1,,,5,,2,6,,1,,4,,1,,3,,,,2,1,2,,4,,
CMPE,699,Ind Study In Cmpe,,1,2,,2,1,1,2,4,,4,3,1,3,4,1,4,2,,4,3,,4,,3,,6,,3,2,1,3,,1,,4,,5,,6,2,5,,4,,1,,3,,
CMPE,799,Master's Thesis Research,,1,1,,2,3,,3,3,,2,2,,5,4,2,2,3,,3,4,,2,,3,,4,,1,,3,2,,2,,3,,1,,2,1,2,,1,,,,,,
CMPE,800,Graduate Research,,1,1,,,,,,,,,,,,,,1,,,1,,,,,,,,,,,,,,,,,,,,,,,,,,,,,,
CMPE,898,Pre Candidacy Doc Rsch,1,1,3,,4,4,,3,3,1,3,3,,2,2,,4,3,,4,5,,4,,5,,5,,6,,4,5,,5,,6,,7,1,7,,6,,6,1,6,,6,,
CMPE,899,Doctoral Diss Research,,1,1,,,,,,1,,2,1,,2,1,,2,2,,2,4,,5,,5,,3,,2,,6,6,,4,,4,,2,,4,2,5,,5,1,3,,3,,
CMSC,100,Intro to Computer Science,,1,,,1,,,1,,,1,,,,,,,,,,,,,,,,,,,,,,,,,,,,,,,,,,,,,,,
CMSC,100H,Intro to Computer Science,,2,,,2,,,2,,,,,,,,,,,,,,,,,,,,,,,,,,,,,,,,,,,,,,,,,,
CMSC,101,Comput Thinking & Design,,,,,,,,,,,,,,4,,,2,,,,,,,,,,,,,,,,,,,,,,,,,,,,,,,,,
CMSC,104,Prob Solving & Computer Prog,1,5,4,1,5,4,,5,4,1,5,3,1,3,3,,2,2,,2,2,,2,,2,,2,,2,,2,2,,2,,2,1,2,1,2,1,2,1,2,,2,1,2,,2
CMSC,104Y,Prob Sol & Computer Prog,,,,,,,,,,,3,,,,,,,,,,,,,,,,,,,,,,,,,,,,,,,,,,,,,,,
CMSC,201,Computer Science I,,16,13,,16,12,,17,16,,18,15,,24,17,,26,18,,30,20,3,30,,19,,32,,21,,38,22,,38,,21,,38,,21,,39,,21,,38,,21,,28
CMSC,202,Computer Science II,,12,12,,13,12,,12,18,,15,15,,15,19,,15,19,,14,23,,17,,23,4,17,,25,,17,26,,17,,29,,17,,30,,17,,24,,18,,24,,18
CMSC,202H,Computer Science II - Honors,,,,,,,,3,,,,,,,,,,,,,,,,,,,,,,,,,,,,,,,,,,,,,,,,,,
CMSC,203,Discrete Structures,1,3,3,1,4,4,1,4,4,1,5,4,1,5,4,1,5,5,1,5,6,1,5,,6,1,5,,6,1,4,6,1,4,,6,1,4,,7,1,4,,6,1,4,,6,1,5
CMSC,203H,Discrete Structures,,,,,,,,,,,,,,,,,,,,,,,,,,,,,,,,,,,,,,,,,,,,,,,,1,,
CMSC,210,Advanced Computing,,,,,,,,,,,,,,,,,,,,,,,,,,,,,,,,,,,,,,,,,,,,1,,,,,,
CMSC,291,Special Topics In CMSC,,1,,,1,,,,,,1,,,1,,,,,,,,,,1,,1,,1,,1,,,,1,,1,,1,,1,,,,,,,,,,
CMSC,299,Ind Study:Computer Sci,,1,1,,,,,1,,,,1,,,,,1,,,1,,,1,,,,,,,,1,,,1,,,,,,,,,,1,1,1,,1,,
CMSC,304,Social/Ethical Iss In IT,,1,1,1,1,1,,1,1,,1,2,,1,2,,2,2,,3,3,1,3,,3,1,4,,4,,4,6,1,6,,6,,6,,6,1,8,,5,1,7,,8,1,7
CMSC,313,Comp Organ & Assemb Lang,,2,2,,2,2,,2,2,,2,2,,3,2,,3,3,,4,3,,4,,4,,4,,4,,4,4,,4,,5,,6,,5,1,6,,6,1,6,,6,1,5
CMSC,331,Prin Of Prog Languages,1,2,2,1,2,1,,1,2,1,2,2,1,3,2,,3,3,,5,3,,5,,3,,5,,4,,3,4,1,4,,4,1,4,,5,1,7,,6,1,5,,6,1,5
CMSC,340,Advanced C++,,,,,,,,,,,,,,,,,,,,,,,,,,,,,,,,,,,,,,2,,,,2,,,,2,,,,2
CMSC,341,Data Structures,,3,3,,3,3,,3,4,,4,4,,4,4,,5,4,,6,4,,6,,5,,8,,6,,7,6,,7,,6,1,9,,6,1,9,,6,1,8,,5,1,8
CMSC,341H,Data Structures,,1,,,1,,,1,,,,,,,,,,,,,,,,,,,,,,,,,,,,,,,,,,,,,,,,,,
CMSC,345,Software Design/Develop,,2,2,,2,2,,2,3,,3,3,,3,2,,,,,,,,,,,,,,,,,,,,,,,,,,,,,,,,,,,
CMSC,352,"Women,Gender & Info Technology",,,1,,,1,,,1,,,1,,,1,,,1,,,1,,,,1,,,,1,,,1,,,,1,,,,1,,,,1,,,,1,,
CMSC,391,Special Topics In CMSC,,1,,,,,,,,,,,,1,,,,,,,,,,,,,,,,,,,,,,,,,,,,2,,2,,1,,1,,1
CMSC,396,Undergrad Teaching Fellowship,,,,,,,,,,,,,,,,,,,,,,,,,,,,,,,,,,,,,,1,,1,,1,,1,,2,,2,,1
CMSC,411,Computer Architecture,,2,2,,2,2,,2,2,,2,2,,2,3,,3,2,,3,3,1,3,,4,1,3,,4,,4,4,1,5,,5,1,5,,5,1,8,,6,1,7,,6,1,6
CMSC,421,Princ Of Operating Systems,,2,1,,1,1,,1,2,,2,3,,2,3,,3,2,,4,3,,4,,3,,4,,3,,4,4,,5,,4,,5,,5,1,5,,6,,5,,4,,5
CMSC,426,Princ Computer Security,,1,,,1,,,,1,,,,,1,,,2,1,,2,1,,1,,1,1,1,,2,,2,3,,2,,2,1,3,,3,1,5,,4,1,4,,3,1,4
CMSC,427,Wearable Computing,,,1,,,1,,,,,,,,,,,,,,,,,,,,,,,,,,,,,,,,,,,,,,,,,,,,
CMSC,431,Compiler Design Princ,,1,,1,,,,,,,1,,,,,,,1,,,,,,,,,,,,,,,,,,,,,,,,,,,,,,,,
CMSC,432,Object-Orient Program,1,,,1,,,,,,,,,,,,,,,,,,,,,,,,,,,,,,,,,,,,,,,,,,,,,,
CMSC,433,Scripting Languages,,,1,,,,,,1,,,1,,,1,,1,1,,1,1,,,,2,,1,,1,,,,1,,,,1,,,,1,,,,1,,,,1,
CMSC,435,Computer Graphics,,1,1,,1,,,1,1,,1,1,,1,1,1,1,1,,1,1,,1,,1,,1,,,,1,1,,1,,1,,1,,1,,1,,1,,1,,1,,1
CMSC,436,Data Visualization,,,,,,,,,,,,,,1,,,,,,,,,1,,,,1,,,,,,,1,,,,1,,,,1,,,,2,,1,,1
CMSC,436H,Data Visualization Honors,,,,,,,,1,,,,,,,,,,,,,,,,,,,,,,,,,,,,,,,,,,,,,,1,,,,
CMSC,437,Graphical User Interface Prog,1,,,1,,,,,,,,,1,,,,,,1,,,1,,,,1,,,,1,,,1,,,,1,,,,1,1,,1,1,1,,1,1,
CMSC,441,Design& Analysis of Algorithms,,2,2,,2,2,,2,2,,2,1,,2,2,,2,2,,3,2,,3,,3,,4,,3,,4,3,,4,,5,,5,,4,,6,,8,,7,,6,,7
CMSC,442,Infomation & Coding Theory,,,1,,,,,1,,,,,,,,,1,,,1,,,1,,,,1,,,,1,,,,,,,,,1,,,,2,,,,1,,
CMSC,443,Cryptology,,,1,,,1,,,1,,,1,,,1,,,1,,1,1,,1,,1,,,,1,,,1,,,,1,,,,,,,,,,,,,,
CMSC,444,Information Assurance,,,,,,,,,,,1,,,,,,,,,,,,,,,,,,,,,,,,,,,,,,,,,,,,,,,
CMSC,445,Software Engineering II,,1,,,,1,,,1,,,1,,,,,,,,,,,,,,,,,,,,,,,,,,,,,,,,,,,,,,
CMSC,446,Design Patterns,,,,,,,1,,,,,,,,,,,,,,,,,,,,,,,,,,,,,,,,,,,,,,,,,,,
CMSC,447,Software Engineering I,,,,,,,,,,,,,,,1,,1,2,,2,3,,3,,4,,3,,4,,4,4,,5,,5,,6,,5,,6,,7,,6,,7,,4
CMSC,448,Software Engineering II,,,,,,,,,,,,,,,1,,,1,,,,,,,,,,,,,,,,,,,,,,,,,,,,,,,,
CMSC,449,Malware Analysis,,,,,,,,,,,,,,,,,,,,,,,,,,,,,,,,,,,,,,,,,,,,1,,1,,1,,1
CMSC,451,Automata Theory & Formal Lang,,1,,,1,1,,1,,1,1,,,1,,,1,,,1,,,1,,,,1,,,,1,,,1,,1,,,,1,1,1,,1,,1,,1,,1
CMSC,451H,Automata Thry& Form Lang,,,1,,,,,,,,,,,,,,,,,,,,,,,,,,,,,,,,,,,,,,,,,,,,,,,
CMSC,452,Logic For Comp Sci,,,1,,,,,,1,,,,,,1,,,,,,1,,,,,,,,,,,,,,,,,,,,,,,,,,,,,
CMSC,453,Appld Comb & Graph Thry,,,,,1,,,,,,,1,,,,,,1,,,,,,,1,,,,,,,,,,,,,,,,,,,,,,,,,
CMSC,455,Numerical Computations,1,1,,1,1,,1,1,,1,,,1,1,,1,1,,1,1,,1,1,,,1,1,,,1,1,1,,1,,1,1,1,,1,1,1,,,,,,,,1
CMSC,456,Symbolic Computation,,,,,,,,,,,,,,,,,,,,,,,,,,,,,1,,,,,,,,,,,,,,,,,,,,,
CMSC,457,Quantum Computation,,,,,1,,,,,,,,,,1,,,,,,,,,,,,,,,,,,,,,,,,,,,,,,,,,,,
CMSC,461,Database Mangmt Systems,,1,1,,1,1,,1,1,,1,1,,1,1,,1,1,1,2,1,1,2,,2,,2,,2,,2,2,1,3,,1,1,2,,1,1,2,,2,1,2,,2,1,2
CMSC,462,Introduction to Data Science,,,,,,,,,,,,,,,,,,,,,,,,,,,,,,,,,,,,,,,,1,,1,,1,,1,,1,,3
CMSC,471,Artificial Intelligence,,1,,,1,,,1,,,1,,,1,1,,1,1,,2,2,,2,,2,,2,,2,,2,3,,3,,5,,3,,4,1,5,,5,,2,,5,,2
CMSC,473,Natural Lang Processing,,,,,1,,,,,,1,,,1,,,,,,,,,,,1,,1,,,,1,,,1,,,,1,,,,1,,,,1,,,,1
CMSC,475,Neural Networks,,1,,,,,,1,,,,,,,,,,,,,,,,,,,,,,,,,,,,,,,,,,,,,,,,,,
CMSC,476,Information Retrieval,,,,,,,,,,,,,,,1,,,1,,,,,,,,,,,1,,,1,,,,1,,,,1,,,,1,,,,1,,
CMSC,478,Intro to Machine Learning,,,,,,1,,,,,,1,,,,,1,1,,1,,,1,,1,,1,,1,,1,1,,1,,1,,1,,2,,3,,3,,2,,4,,4
CMSC,479,Introduction To Robotics,,,1,,,,,,1,,,,,,,,,,,1,,,,,,,,,1,,,,,,,1,,,,1,,,,,,,,,,
CMSC,481,Computer Networks,,1,1,,1,1,,1,1,,1,1,,2,1,,2,2,,2,2,,1,,2,,1,,2,,1,2,,1,,1,,2,,2,,4,,4,,2,,3,,2
CMSC,483,Parallel & Distr Process,,,,,,,,,1,,,1,,,1,,,1,,,1,,,,1,,,,1,,,1,,,,1,,,,1,,,,1,,,,1,,
CMSC,486,Mobile Radio Comm,,1,,,1,,,,,,,,,,,,,,,,,,,,,,,,,,,,,,,,,,,,,,,,,,,,,
CMSC,487,Intro Network Security,,,1,,,1,,,,,,,,1,,,1,,,1,,,1,,1,,,,1,,,1,,,,1,,,,1,,,,1,,2,,1,,2
CMSC,491,Spec Topics In Comp Sci,,4,3,,5,2,1,,6,,1,3,,1,5,,3,2,,4,7,1,2,,6,2,7,,6,2,8,4,1,7,,6,1,6,,5,,8,,9,,6,,5,,4
CMSC,493,Games Group Project,,,1,,,1,,,1,,,1,,,1,,,1,,,1,,,,1,,,,1,,,1,,,,1,,,,1,,,,1,,,,1,,
CMSC,495,Honors Thesis,,,,,,,,,1,,,1,,,,,,,,,,,,,,,,,,,,,,,,,,,,,,,,,,,,,,
CMSC,498,Indep Study:Intern/Coop,,1,1,,1,1,,1,1,,1,1,,1,1,,1,1,,1,1,,1,,1,,1,,1,,1,1,,1,,1,,1,,,,1,,1,,1,,1,,1
CMSC,499,Indep Study Computer Sci,,1,3,,3,1,,2,1,,1,2,,1,2,,1,4,,3,2,,1,,5,,4,,8,,4,5,,4,1,4,1,5,,3,1,3,,3,1,6,,8,1,3
CMSC,601,Research Skills For Cs,,,1,,,1,,,1,,,,,,,,,,,,,,,,,,,,,,,,,,,,,,,,,,,,,,,,,
CMSC,608,Graduate Seminar,,1,,,,,,,,,,,,1,,,,,,,,,,,,,,,,,,,,,,,,,,,,,,,,,,,,
CMSC,611,Adv Computer Architectre,,1,,,1,,,1,,,2,2,,,1,,2,,,2,2,,,,2,,2,,1,,2,2,,2,,1,,2,,2,,1,,1,,1,,1,,1
CMSC,621,Adv Operating Systems,,1,,,1,,,1,,,2,,,2,2,,,2,,2,,,2,,2,,2,,1,,1,2,,1,,1,,1,,1,,1,,1,,1,,1,,1
CMSC,626,Princ Computer Security,,1,,,1,,,,2,,,,,1,,,2,2,,4,,,2,,,,1,,,,,2,,2,,,1,1,,1,,2,,1,,1,,2,,1
CMSC,627,Wearable Computing,,,1,,,1,,,,,,,,,,,,,,,,,,,,,,,,,,,,,,,,,,,,,,,,,,,,
CMSC,628,Intro Mobile Comput,,,,,,,,,,,,2,,,1,,,2,,,2,,,,2,,,,2,,,1,,,,,,,,1,,,,1,,,,1,,
CMSC,634,Computer Graphics,,1,,,1,,,1,1,,1,,,2,2,,1,1,,2,1,,1,,1,,1,,,,1,1,,1,,1,,1,,1,,1,,1,,1,,1,,1
CMSC,635,Adv Comp Graphics,,,1,,,1,,,,,,2,,,,,,,,,,,,,,,,,,,,,,,,,,,,,,,,,,,,,,
CMSC,636,Data Visualization,,,,,,,,1,,,,,,2,,,,,,,,,1,,,,1,,,,,,,1,,,,1,,,,1,,,,2,,1,,1
CMSC,641,Design & Analy Algorthms,,,1,,,1,,,1,,,2,,2,,,2,2,,,1,,2,,,,2,,2,,2,1,,2,,1,,1,,1,,3,,2,,2,,2,,2
CMSC,643,Quantum Computation,,,,,1,,,,,,,,,,2,,,2,,,1,,,,2,,,,1,,,1,,,,,,1,,,,1,,,,1,,,,1
CMSC,644,Information Assurance,,,,,,,,,,,2,,,,,,,,,,,,,,,,,,,,,,,,,,,,,,,,,,,,,,,
CMSC,645,Adv Software Engineering,,,,,,1,,,1,,,,,,,,,,,,,,,,,,,,,,,,,,,,,,,,,,,,,,,,,
CMSC,651,Automata Thry/Forml Lang,,1,,,1,,,1,,,2,,,,,,,,,,,,,,,,,,,,,,,,,,,,,,,,,,,,,,,
CMSC,652,Cryptography & Data Sec,,,,,,,,,,,,,,,,,,2,,,,,,,1,,,,,,,2,,,,1,,,,,,,,,,,,,,
CMSC,653,Coding Thry/Applications,,,1,,,,,1,,,,,,,,,2,,,1,,,2,,,,2,,,,2,,,,,,,,,1,,,,1,,,,2,,
CMSC,655,Numerical Computations,,1,,,1,,,1,,,,,,,,,,,,,,,,,,,,,,,2,,,1,,,,1,,,,1,,,,1,,,,1
CMSC,656,Symbolic/Algebraic Proc,,,,,,,,,,,,,,,,,,,,,,,,,,,,,1,,,,,,,,,,,,,,,,,,,,,
CMSC,661,Prin Of Database Sys,,,1,,,1,,,1,,,2,,,2,,,,,2,,,2,,,,1,,,,,,,,,,,,,,,,,,,,,,,
CMSC,668,Service Oriented Computing,,,,,,1,,,,,1,,,2,,,,,,1,,,2,,,,2,,,,2,,,2,,,,1,,,,1,,,,1,,,,1
CMSC,671,Prin Artificial Intell,,1,,,2,,,1,,,2,,,2,,,2,,,2,,,2,,,,2,,,,2,,,1,,,,1,,,,1,,,,1,,,,1
CMSC,673,Intro Nat Lang Process,,,,,1,,,,,,2,,,2,,,,,,,,,,,2,,1,,,,1,,,1,,,,1,,,,1,,,,1,,,,1
CMSC,675,Neural Networks,,1,,,,,,1,,,,,,,,,,,,,,,,,,,,,,,,,,,,,,,,,,,,,,,,,,
CMSC,676,Information Retrieval,,,,,1,,,,,,,,,,2,,,2,,,,,,,,,,,1,,,1,,,,2,,,,1,,,,1,,,,1,,
CMSC,677,Agent Arch/Multi-Agt Sys,,,,,,,,1,,,,,,,,,,,,,,,,,,,,,,,,,,,,,,,,,,,,,,,,,,
CMSC,678,Intro Machine Learning,,,,,,1,,1,,,,2,,,2,,2,3,,1,,,2,,2,,2,,2,,2,2,,1,,2,,1,,1,,1,,1,,2,,1,,2
CMSC,679,Intro To Robotics,,,1,,,,,,2,,,,,,,,,,,2,,,,,,,,,1,,,,,,,1,,,,1,,,,,,,,,,
CMSC,681,Advanced Comp Networks,,,,,1,,,2,,,1,,,1,,,1,,,2,,,,,,,1,,,,1,,,1,,,,1,,,,1,,,,1,,,,
CMSC,682,Networking Technol,,,,,,,,,1,,,,,,,,,1,,,1,,,,,,,,1,,,2,,,,1,,,,1,,,,1,,,,1,,
CMSC,684,Wireless Sensor Networks,,,,,,,,,2,,,,,2,,,,2,,,,,1,,,,,,,,1,,,,,1,,,,2,,,,,,1,,,,
CMSC,687,Intro Network Security,,,1,,,1,,,,,,,,2,,,2,,,1,,,1,,1,,,,1,,,1,,,,2,,,,1,,,,1,,1,,1,,1
CMSC,688,Software Reverse Engineering,,,,,,,,,,,,,,,,,,,,,,,,,,,,,,,,,,,,,,,,,,,,,,1,,,,1
CMSC,691,Spec Topics In Comp Sci,,3,4,,5,1,,,6,,2,6,,2,10,,7,6,,5,13,,3,,9,,5,,6,,7,4,,7,,7,,5,,6,,8,,8,,8,,6,,5
CMSC,696,Internship And Coop,1,1,,1,1,,1,,,,,,,,1,,,,1,,,,,,,,,,,,,,,,,,,,,,,,,1,1,1,,1,1,1
CMSC,698,Proj In Computer Science,,1,4,,3,1,2,3,5,1,3,5,,2,6,1,5,5,2,2,5,1,4,,7,1,4,1,5,1,3,7,1,7,,10,,4,,6,,1,,3,,1,,8,,
CMSC,699,Ind Study In Comp Sci,1,1,9,2,6,13,1,10,13,1,10,14,3,9,10,4,7,13,5,13,10,3,7,1,11,1,8,2,13,3,11,11,,6,,13,3,13,,12,2,6,,16,3,16,,19,1,5
CMSC,7700,Master's Special Study,,1,,,,2,,2,,,,1,,,,,2,,,1,,,1,,1,,2,,2,,,1,,1,,2,,1,,1,,1,,1,,1,,,,
CMSC,791,Adv Graduate Seminar,,,,,,,,,,,,,,,,,,,,,,,,,,,1,,,,1,,,1,,,,1,,,,,,,,,,,,
CMSC,799,Master's Thesis Research,1,1,13,2,15,18,3,16,13,4,15,13,1,15,11,3,12,11,2,11,12,2,12,,14,3,15,,16,,11,15,,13,,13,1,14,,12,1,9,,10,1,9,,10,,1
CMSC,871,Adv Top Artifcial Intell,,,,,,,,,,,,,,,,,,,,,,,,,,,,,,,1,,,1,,,,,,,,,,,,,,,,
CMSC,8800,Doctoral Special Study,,,,,,,,,,,,1,,,,,,,,,1,,,,,,,,,,,,,,,1,,,,1,,,,1,,,,,,
CMSC,898,Pre Doc Candidacy Rsch,1,1,9,2,8,12,1,14,14,1,14,10,2,12,13,,14,11,1,11,10,1,12,,15,1,14,,12,,14,15,1,17,,16,,16,,18,,18,,14,,10,,10,1,2
CMSC,899,Doctoral Diss Research,,1,18,2,13,12,1,13,14,2,14,16,1,13,12,3,8,9,2,13,14,2,13,,14,2,10,,14,1,13,11,3,11,,9,1,12,,14,2,16,,14,4,14,,15,,3
COMP,101,Comput Thinking & Design,,,,,,,,,,,,,,,,,,,,6,,,6,,,,6,,,,,,,,,,,,,,,,,1,,6,,2,,1
COMP,101Y,Comput Thinking & Design,,,,,,,,,,,,,,,,,,,,,,,,,,,,,,,6,,,8,,,,12,,2,,10,,2,,12,,3,,
CYBR,620,Introduction to Cybersecurity,,,,,,2,1,2,4,1,3,2,1,3,3,1,3,3,,3,3,,3,,3,,3,,2,,3,3,1,3,,3,1,2,,2,1,3,,3,,4,,3,,4
CYBR,621,Cyber Warfare,,,,,,,1,1,,,3,2,1,1,1,,3,2,,1,2,,1,,1,,1,,1,,1,1,,2,,1,,1,,1,,1,,1,1,1,,1,1,1
CYBR,622,Global Cyber Trends,,,,,,1,,1,1,,1,2,,2,2,,1,3,,2,1,1,2,,1,2,1,,2,,,2,,1,,1,1,1,,1,,1,,1,,1,,1,,1
CYBR,623,Cyber Law and Policy,,,,,,,,2,2,1,1,2,,3,2,,2,2,1,2,2,1,3,,2,1,2,,2,1,2,2,,2,,2,,2,,2,1,1,,2,,2,,2,1,2
CYBR,624,Cybersecurity Project,,,,,,,,,,1,1,1,1,1,1,,1,2,,2,2,,2,,2,,2,,2,,2,2,,2,,2,,2,,2,,2,,2,,2,,2,,2
CYBR,631,Applied Computer Forensics,,,,,,,,,1,,,,,,,,,,,,,,,,,,,,,,,,,,,,,,,,,,,,,,,,,
CYBR,641,Cybercrime Investigations,,,,,,,,,,,,,,,,,,,,,,,,,,,,,,,,1,1,1,,1,1,1,,1,,1,,2,,1,,1,1,1
CYBR,642,Intro. to Digital Forensics,,,,,,,,,,,,,,,,,,,,,,,,,,,,,,,,2,,1,,1,,1,,1,1,1,,1,,1,,1,1,1
CYBR,643,Advanced Digital Forensics,,,,,,,,,,,,,,,,,,,,,,,,,,,,,,,,,,1,,1,,,,1,,1,,1,,,,1,,
CYBR,644,Practitioner Development Lab,,,,,,,,,,,,,,,,,,4,,2,,,1,,1,,1,,1,,1,1,,1,,1,1,1,,1,1,,,,1,1,,2,1,1
CYBR,650,Cyber Operations Mgmt.,,,,,,,,,,,1,2,,2,3,,2,2,,2,2,1,2,,2,,2,,2,,2,2,2,2,,2,1,1,,2,1,2,,2,,2,,3,,3
CYBR,652,Enterprise Security,,,,,,,,,,,,,,,,,,,,,,,,,,,,,2,1,3,2,,2,,2,1,2,,1,1,2,,2,1,2,,3,,2
CYBR,658,Risk Analysis & Compliance,,,,,,,,,,,,,,,,,,,,2,3,,2,,1,,2,,2,,2,2,1,2,,2,2,1,,2,1,1,,2,,2,,2,1,2
CYBR,688,Software Reverse Engineering,,,,,,,,,,,,,,,,,,,,,,,,,,,,,,,,,,,,,,,,,,1,,,,1,,,,1
CYBR,691,Spec. Topics in Cybersecurity,,,,,,,,,,,1,2,1,1,,3,3,3,2,4,4,3,4,,5,2,4,,4,4,4,1,2,1,,4,,3,,3,1,2,,3,1,1,,2,1,2
CYBR,696,Internship and Coop,,,,,,,,,,,,,,,,,,,,,,,,,,,,,,,,,,,,,,,,,,,,,,,,1,,
CYBR,699,Ind Study in Cybersecurity,,,,,,,,,,,,,,,,,,,,,,,,,,,,,,,,,,,,,,,,,,,,,,,,1,,1
DATA,601,Introduction to Data Science,,,,,,,,,,,,,,,,,,,,,,,,,,,,,2,,4,3,,3,,4,,3,,7,,7,,6,,12,,7,,7
DATA,601,Introduction to Data Science,,,,,,,,,,,,,,,,,,,,,,,,,,,1,,,,,,,,,,,,,,,,,,,,,,,
DATA,602,Intro to Data Analysis,,,,,,,,,,,,,,,,,,,,,,,,,,,,,1,,2,3,,3,,3,1,3,,2,,5,,6,2,6,,10,1,6
DATA,603,Big Data Processing,,,,,,,,,,,,,,,,,,,,,,,,,,,,,1,1,1,2,1,1,,3,1,3,,2,1,3,,5,2,6,,9,1,8
DATA,604,Data Management,,,,,,,,,,,,,,,,,,,,,,,,,,,,,,,1,2,1,3,,2,1,2,,3,,5,,5,1,11,,9,,8
DATA,605,Ethical Issues in Data Sci.,,,,,,,,,,,,,,,,,,,,,,,,,,,,,,,,1,,2,,2,1,2,,2,1,5,,5,1,11,,7,1,6
DATA,606,Capstone in Data Science,,,,,,,,,,,,,,,,,,,,,,,,,,,,,,,1,1,,1,,2,1,1,,2,1,2,,3,2,3,,6,1,5
DATA,690,Special Topics in Data Science,,,,,,,,,,,,,,,,,,,,,,,,,,,,,,,,,,1,,3,1,4,,5,,8,,6,,10,,10,3,9
DATA,696,Internship and Coop,,,,,,,,,,,,,,,,,,,,,,,,,,,,,,,,,,,,,,,,,,,,,,1,,1,,
DATA,699,Independent Study,,,,,,,,,,,,,,,,,,,,,,,,,,,,,,,,,,,,,,,,,,,,,,1,,1,,
ENEE,302,Prin Electrical Engn,,4,3,,5,3,,5,3,,5,4,,4,,,,,,,,,,,,,,,,,,,,,,,,,,,,,,,,,,,,
ENEE,601,Linear Sys Thy,,,,,,,,,1,,,,,,,,,,,,,,,,,,,,,,,,,,,,,1,,,,,,,,1,,,,
ENEE,605,Applied Linear Algebra,,,,,,,,,,,,,,,,,,,,,,,1,,,,1,,,,1,,,1,,,,1,,,,1,,,,1,,,,
ENEE,608,Graduate Seminar,,1,1,,1,1,,1,1,,,,,,,,,,,,,,,,,,,,,,,,,,,,,,,,,,,,,,,,,
ENEE,610,Digital Sig Proc,,1,,,1,,,1,,,,1,,,1,,,1,,,1,,,,1,,,,1,,,1,,,,1,,,,1,,,,1,,,,1,,
ENEE,612,Digital Image Processing,,1,,,,,,1,,,1,,,1,,,1,,,1,,,,,,,1,,,,1,,,,,,,1,,,,1,,,,1,,,,
ENEE,620,Prob Random Proc,,1,,,1,,,1,,,1,,,1,,,1,,,1,,,1,,,,1,,,,1,,,1,,,,1,,,,1,,,,1,,,,1
ENEE,621,Det Est Theory I,,,,,,1,,,1,,,1,,,1,,,1,,,1,,,,1,,,,1,,,1,,,,1,,,,1,,,,1,,,,1,,
ENEE,622,Inform Theory,,,1,,,1,,,1,,,1,,,,,,1,,,1,,,,,,,,1,,,,,,,1,,,,1,,,,,,,,,,
ENEE,623,Commun Theory I,,,,,1,,,,1,,,,,,,,,,,,,,,,,,,,,,,1,,,,,,,,,,,,,,,,,,
ENEE,624,Error Corr Codes,,,1,,,,,,,,,,,,,,,,,1,,,,,,,,,,,,,,,,,,1,,,,1,,,,,,,,
ENEE,630,Solid State Electronics,,1,,,1,,,1,,,1,,,1,,,1,,,1,,,1,,,,,,,,1,,,,,,,1,,,,,,,,1,,,,1
ENEE,631,Semicond Devices,,,1,,,1,,,1,,,1,,,,,,1,,,,,,,,,1,,,,,,,1,,,,,,,,1,,,,,,1,,
ENEE,639,Neural Engn. and Instrumental,,,,,,,,,,,,,,,,,,,,,,,,,,,,,,,,,,,,1,,,,1,,,,1,,,,1,,
ENEE,660,Systems Eng Principles,,1,,,1,,,1,,,2,,,2,,,2,,,1,1,,1,,,,1,,,,1,,,,,,,,,,,,,,,,,,,
ENEE,661,System Archit And Design,,,1,,,1,,,1,,,1,,,1,,,2,,,2,,,,2,,,,1,,,1,,,,,,,,,,,,,,,,,,
ENEE,662,"Modeling, Sim And Analy",,1,,,1,,,1,,,1,,,,1,,,1,,,1,,,,1,,,,1,,,1,,,,,,,,,,,,,,,,,,
ENEE,663,System Implem Integratio,,,1,,,1,,,1,,,1,,1,,,1,,,1,,,1,,,,1,,,,1,,,,,,,,,,,,,,,,,,,
ENEE,664,Advanced Systems Architecture,,,,,,,,1,,,1,,,1,,,1,,,,,,1,,,,1,,,,,,,,,,,,,,,,,,,,,,,
ENEE,666,Architecting Security,,,,,,,,,,,,,,,1,,,,,,,,,,,,,,,,,,,,,,,,,,,,,,,,,,,
ENEE,667,Advanced Sys. ENGR. Processes,,,,,,,,,,,,,,,1,,,1,,,1,,,,1,,,,1,,,,,,,,,,,,,,,,,,,,,
ENEE,669,Mathematics and MATLAB Fundame,,,,1,,,1,,,1,,,,1,,,1,,,1,,,1,,,,1,,,,1,,,,,,,,,,,,,,,,,,,
ENEE,670,Syst Engr Proj,,,1,,1,,,1,,,1,,,1,,,1,,,1,,,1,,1,,1,,,,1,,,,,,,,,,,,,,,,,,,
ENEE,672,Decision and Risk Analysis,,,1,,,,,,1,,,,,1,,,,,,1,,,1,,,,1,,,,1,1,,,,,,,,,,,,,,,,,,
ENEE,680,Electromag Theory I,,1,,,1,,,1,,,1,,,1,,,1,,,1,,,1,,,,1,,,,1,,,1,,,,1,,,,1,,,,1,,,,1
ENEE,683,Lasers,,,1,,,1,,,1,,,1,,,,,,1,,,,,,,1,,,,,,,1,,,,,,,,1,,,,,,,,,,
ENEE,684,Intro Photonics,,,,,,1,,,,,,,,,,,,,,,1,,,,,,,,,,,,,,,,,,,1,,,,,,,,,,
ENEE,685,Intro Comm Network,,1,,,,,,,,,,,,,,,,,,,,,,,,,,,,,,,,,,,,,,,,,,,,,,,,
ENEE,691,Special Topics Elec Engr,,1,1,,1,1,,1,,,,1,,1,1,,,1,,,1,,1,,2,,1,,2,,1,3,,1,,3,,,,,,,,2,,,,2,,2
ENEE,698,Project In EE,,1,,,3,,,1,1,1,3,2,,,3,1,2,3,,5,2,,3,,2,,3,,3,,3,4,,2,,2,,4,,6,,6,,2,,1,,2,,1
ENEE,699,Independent Study,1,1,4,2,4,5,3,5,8,2,6,5,1,5,4,,3,8,1,3,2,,3,,8,,6,,4,1,6,5,,4,,6,,7,,3,1,4,,3,,1,,1,1,
ENEE,712,Pattern Regogn,,,,,,,,1,,,,,,,,,1,,,,,,,,,,1,,,,,,,,,1,,,,,,,,,,,,1,,
ENEE,718,Topics In Sig Processing,,1,,,,1,,,,,,,,,,,,1,,,1,,,,,,,,1,,1,1,,,,,,,,1,,,,,,,,1,,
ENEE,728,Topics In Communications,,,,,1,,,,,,,,,,,,,,,,,,,,,,,,,,,,,,,,,,,,,,,,,,,,,
ENEE,7700,Master's Special Study,,,,,,,,1,,,1,,,,,,,,,,,,,,,,,,,,,,,,,,,,,,,,,,,,,,,
ENEE,788,Top Electrophys & Photon,,,,,,,,1,,,,,,,1,,,,,,,,,,,,,,1,,,,,,,,,,,,,,,,,,,,,
ENEE,799,Master's Thesis Research,,,2,1,1,1,,1,1,,2,2,,1,2,2,3,2,,3,2,1,1,,2,1,3,,2,,3,1,,1,,2,,1,,1,,2,,1,,,,,,
ENEE,800,Graduate Research,1,1,2,,2,,,,1,,1,,,2,,,3,,,1,,,1,,,,,,,,1,,,,,,1,,,,,,,2,,,,,,
ENEE,898,Pre Candidacy Doc Rsch,1,1,5,,5,6,1,5,7,2,8,9,2,8,8,2,6,6,1,6,8,,7,,9,,12,,11,,13,12,,11,,11,,12,,12,2,11,,9,1,9,,9,2,1
ENEE,899,Doctorial Diss. Research,,1,8,,6,5,,6,4,,4,4,,6,6,,7,6,1,8,6,2,6,,5,1,6,,7,,6,5,2,7,,7,2,5,,8,1,9,,10,1,9,,9,,
